"...1","Condition","Item","Total","Group","Subject","Time"
1,"Homonymy","HomonymyVideo1",1,"C","NT_09","exp"
2,"Polysemy","PolysemyVideo1",3,"C","NT_09","exp"
3,"Polysemy","PolysemyVideo2",3,"C","NT_09","exp"
4,"Polysemy","PolysemyVideo4",3,"C","NT_09","exp"
5,"Homonymy","HomonymyVideo3",2,"C","NT_09","exp"
6,"Homonymy","HomonymyVideo4",2,"C","NT_09","exp"
7,"Homonymy","HomonymyVideo2",0,"C","NT_09","exp"
8,"Polysemy","PolysemyVideo3",3,"C","NT_09","exp"
9,"Homonymy","HomonymyVideo1",1,"C","NT_10","exp"
10,"Homonymy","HomonymyVideo3",2,"C","NT_10","exp"
11,"Homonymy","HomonymyVideo4",1,"C","NT_10","exp"
12,"Homonymy","HomonymyVideo2",1,"C","NT_10","exp"
13,"Polysemy","PolysemyVideo3",2,"C","NT_10","exp"
14,"Polysemy","PolysemyVideo4",2,"C","NT_10","exp"
15,"Polysemy","PolysemyVideo2",3,"C","NT_10","exp"
16,"Polysemy","PolysemyVideo1",2,"C","NT_10","exp"
17,"Polysemy","PolysemyVideo3",2,"C","NT_11","exp"
18,"Polysemy","PolysemyVideo4",3,"C","NT_11","exp"
19,"Polysemy","PolysemyVideo1",1,"C","NT_11","exp"
20,"Homonymy","HomonymyVideo3",1,"C","NT_11","exp"
21,"Polysemy","PolysemyVideo2",3,"C","NT_11","exp"
22,"Homonymy","HomonymyVideo4",2,"C","NT_11","exp"
23,"Homonymy","HomonymyVideo1",2,"C","NT_11","exp"
24,"Homonymy","HomonymyVideo2",1,"C","NT_11","exp"
25,"Homonymy","HomonymyVideo3",1,"C","NT_12","exp"
26,"Homonymy","HomonymyVideo1",1,"C","NT_12","exp"
27,"Homonymy","HomonymyVideo2",2,"C","NT_12","exp"
28,"Polysemy","PolysemyVideo1",3,"C","NT_12","exp"
29,"Polysemy","PolysemyVideo3",1,"C","NT_12","exp"
30,"Homonymy","HomonymyVideo4",0,"C","NT_12","exp"
31,"Polysemy","PolysemyVideo4",1,"C","NT_12","exp"
32,"Polysemy","PolysemyVideo2",2,"C","NT_12","exp"
33,"Polysemy","PolysemyVideo4",1,"C","NT_13","exp"
34,"Polysemy","PolysemyVideo3",1,"C","NT_13","exp"
35,"Polysemy","PolysemyVideo1",0,"C","NT_13","exp"
36,"Polysemy","PolysemyVideo2",1,"C","NT_13","exp"
37,"Homonymy","HomonymyVideo3",2,"C","NT_13","exp"
38,"Homonymy","HomonymyVideo1",1,"C","NT_13","exp"
39,"Homonymy","HomonymyVideo2",0,"C","NT_13","exp"
40,"Homonymy","HomonymyVideo4",0,"C","NT_13","exp"
41,"Homonymy","HomonymyVideo2",1,"C","NT_14","exp"
42,"Homonymy","HomonymyVideo4",3,"C","NT_14","exp"
43,"Homonymy","HomonymyVideo3",2,"C","NT_14","exp"
44,"Homonymy","HomonymyVideo1",2,"C","NT_14","exp"
45,"Polysemy","PolysemyVideo4",2,"C","NT_14","exp"
46,"Polysemy","PolysemyVideo3",3,"C","NT_14","exp"
47,"Polysemy","PolysemyVideo1",1,"C","NT_14","exp"
48,"Polysemy","PolysemyVideo2",3,"C","NT_14","exp"
49,"Polysemy","PolysemyVideo3",0,"C","NT_15","exp"
50,"Polysemy","PolysemyVideo4",2,"C","NT_15","exp"
51,"Polysemy","PolysemyVideo1",1,"C","NT_15","exp"
52,"Homonymy","HomonymyVideo4",1,"C","NT_15","exp"
53,"Polysemy","PolysemyVideo2",2,"C","NT_15","exp"
54,"Homonymy","HomonymyVideo3",1,"C","NT_15","exp"
55,"Homonymy","HomonymyVideo2",0,"C","NT_15","exp"
56,"Homonymy","HomonymyVideo1",1,"C","NT_15","exp"
57,"Homonymy","HomonymyVideo3",2,"C","NT_16","exp"
58,"Homonymy","HomonymyVideo1",2,"C","NT_16","exp"
59,"Homonymy","HomonymyVideo2",2,"C","NT_16","exp"
60,"Polysemy","PolysemyVideo1",2,"C","NT_16","exp"
61,"Polysemy","PolysemyVideo3",2,"C","NT_16","exp"
62,"Homonymy","HomonymyVideo4",2,"C","NT_16","exp"
63,"Polysemy","PolysemyVideo4",3,"C","NT_16","exp"
64,"Polysemy","PolysemyVideo2",2,"C","NT_16","exp"
65,"Polysemy","PolysemyVideo4",2,"C","NT_17","exp"
66,"Polysemy","PolysemyVideo3",1,"C","NT_17","exp"
67,"Polysemy","PolysemyVideo1",0,"C","NT_17","exp"
68,"Polysemy","PolysemyVideo2",3,"C","NT_17","exp"
69,"Homonymy","HomonymyVideo3",2,"C","NT_17","exp"
70,"Homonymy","HomonymyVideo1",1,"C","NT_17","exp"
71,"Homonymy","HomonymyVideo2",0,"C","NT_17","exp"
72,"Homonymy","HomonymyVideo4",1,"C","NT_17","exp"
73,"Homonymy","HomonymyVideo1",2,"C","NT_18","exp"
74,"Homonymy","HomonymyVideo3",2,"C","NT_18","exp"
75,"Homonymy","HomonymyVideo4",1,"C","NT_18","exp"
76,"Homonymy","HomonymyVideo2",1,"C","NT_18","exp"
77,"Polysemy","PolysemyVideo4",2,"C","NT_18","exp"
78,"Polysemy","PolysemyVideo3",1,"C","NT_18","exp"
79,"Polysemy","PolysemyVideo1",2,"C","NT_18","exp"
80,"Polysemy","PolysemyVideo2",2,"C","NT_18","exp"
81,"Polysemy","PolysemyVideo4",2,"C","NT_19","exp"
82,"Polysemy","PolysemyVideo3",1,"C","NT_19","exp"
83,"Polysemy","PolysemyVideo2",2,"C","NT_19","exp"
84,"Homonymy","HomonymyVideo3",2,"C","NT_19","exp"
85,"Polysemy","PolysemyVideo1",2,"C","NT_19","exp"
86,"Homonymy","HomonymyVideo4",1,"C","NT_19","exp"
87,"Homonymy","HomonymyVideo1",1,"C","NT_19","exp"
88,"Homonymy","HomonymyVideo2",1,"C","NT_19","exp"
89,"Homonymy","HomonymyVideo4",1,"C","NT_20","exp"
90,"Homonymy","HomonymyVideo2",1,"C","NT_20","exp"
91,"Homonymy","HomonymyVideo1",2,"C","NT_20","exp"
92,"Polysemy","PolysemyVideo2",3,"C","NT_20","exp"
93,"Polysemy","PolysemyVideo4",2,"C","NT_20","exp"
94,"Homonymy","HomonymyVideo3",1,"C","NT_20","exp"
95,"Polysemy","PolysemyVideo3",3,"C","NT_20","exp"
96,"Polysemy","PolysemyVideo1",2,"C","NT_20","exp"
97,"Polysemy","PolysemyVideo4",1,"C","NT_21","exp"
98,"Polysemy","PolysemyVideo3",2,"C","NT_21","exp"
99,"Polysemy","PolysemyVideo1",1,"C","NT_21","exp"
100,"Polysemy","PolysemyVideo2",2,"C","NT_21","exp"
101,"Homonymy","HomonymyVideo4",0,"C","NT_21","exp"
102,"Homonymy","HomonymyVideo2",1,"C","NT_21","exp"
103,"Homonymy","HomonymyVideo1",0,"C","NT_21","exp"
104,"Homonymy","HomonymyVideo3",0,"C","NT_21","exp"
105,"Homonymy","HomonymyVideo2",0,"C","NT_22","exp"
106,"Homonymy","HomonymyVideo4",0,"C","NT_22","exp"
107,"Homonymy","HomonymyVideo3",1,"C","NT_22","exp"
108,"Homonymy","HomonymyVideo1",1,"C","NT_22","exp"
109,"Polysemy","PolysemyVideo3",1,"C","NT_22","exp"
110,"Polysemy","PolysemyVideo4",3,"C","NT_22","exp"
111,"Polysemy","PolysemyVideo2",2,"C","NT_22","exp"
112,"Polysemy","PolysemyVideo1",2,"C","NT_22","exp"
113,"Polysemy","PolysemyVideo3",1,"C","NT_01","exp"
114,"Polysemy","PolysemyVideo1",3,"C","NT_01","exp"
115,"Polysemy","PolysemyVideo2",2,"C","NT_01","exp"
116,"Homonymy","HomonymyVideo2",1,"C","NT_01","exp"
117,"Homonymy","HomonymyVideo4",1,"C","NT_01","exp"
118,"Polysemy","PolysemyVideo4",2,"C","NT_01","exp"
119,"Homonymy","HomonymyVideo3",1,"C","NT_01","exp"
120,"Homonymy","HomonymyVideo1",2,"C","NT_01","exp"
121,"Homonymy","HomonymyVideo3",2,"C","NT_02","exp"
122,"Homonymy","HomonymyVideo4",2,"C","NT_02","exp"
123,"Homonymy","HomonymyVideo2",1,"C","NT_02","exp"
124,"Homonymy","HomonymyVideo1",2,"C","NT_02","exp"
125,"Polysemy","PolysemyVideo4",3,"C","NT_02","exp"
126,"Polysemy","PolysemyVideo2",0,"C","NT_02","exp"
127,"Polysemy","PolysemyVideo1",1,"C","NT_02","exp"
128,"Polysemy","PolysemyVideo3",2,"C","NT_02","exp"
129,"Polysemy","PolysemyVideo2",3,"C","NT_03","exp"
130,"Polysemy","PolysemyVideo1",1,"C","NT_03","exp"
131,"Polysemy","PolysemyVideo3",1,"C","NT_03","exp"
132,"Polysemy","PolysemyVideo4",1,"C","NT_03","exp"
133,"Homonymy","HomonymyVideo2",1,"C","NT_03","exp"
134,"Homonymy","HomonymyVideo1",2,"C","NT_03","exp"
135,"Homonymy","HomonymyVideo3",1,"C","NT_03","exp"
136,"Homonymy","HomonymyVideo4",1,"C","NT_03","exp"
137,"Polysemy","PolysemyVideo2",1,"C","NT_60","exp"
138,"Homonymy","HomonymyVideo2",1,"C","NT_60","exp"
139,"Polysemy","PolysemyVideo1",1,"C","NT_60","exp"
140,"Homonymy","HomonymyVideo1",0,"C","NT_60","exp"
141,"Polysemy","PolysemyVideo3",2,"C","NT_60","exp"
142,"Homonymy","HomonymyVideo3",2,"C","NT_60","exp"
143,"Polysemy","PolysemyVideo4",2,"C","NT_60","exp"
144,"Homonymy","HomonymyVideo4",1,"C","NT_60","exp"
145,"Polysemy","PolysemyVideo2",2,"C","NT_04","exp"
146,"Polysemy","PolysemyVideo4",2,"C","NT_04","exp"
147,"Polysemy","PolysemyVideo3",1,"C","NT_04","exp"
148,"Polysemy","PolysemyVideo1",1,"C","NT_04","exp"
149,"Homonymy","HomonymyVideo3",2,"C","NT_04","exp"
150,"Homonymy","HomonymyVideo4",1,"C","NT_04","exp"
151,"Homonymy","HomonymyVideo2",1,"C","NT_04","exp"
152,"Homonymy","HomonymyVideo1",2,"C","NT_04","exp"
153,"Homonymy","HomonymyVideo4",1,"C","NT_05","exp"
154,"Homonymy","HomonymyVideo2",2,"C","NT_05","exp"
155,"Polysemy","PolysemyVideo1",2,"C","NT_05","exp"
156,"Homonymy","HomonymyVideo1",1,"C","NT_05","exp"
157,"Homonymy","HomonymyVideo3",1,"C","NT_05","exp"
158,"Polysemy","PolysemyVideo3",3,"C","NT_05","exp"
159,"Polysemy","PolysemyVideo4",2,"C","NT_05","exp"
160,"Polysemy","PolysemyVideo2",0,"C","NT_05","exp"
161,"Polysemy","PolysemyVideo4",2,"C","NT_06","exp"
162,"Polysemy","PolysemyVideo3",1,"C","NT_06","exp"
163,"Polysemy","PolysemyVideo2",3,"C","NT_06","exp"
164,"Homonymy","HomonymyVideo4",1,"C","NT_06","exp"
165,"Polysemy","PolysemyVideo1",2,"C","NT_06","exp"
166,"Homonymy","HomonymyVideo3",2,"C","NT_06","exp"
167,"Homonymy","HomonymyVideo2",1,"C","NT_06","exp"
168,"Homonymy","HomonymyVideo1",1,"C","NT_06","exp"
169,"Homonymy","HomonymyVideo3",2,"C","NT_07","exp"
170,"Homonymy","HomonymyVideo4",3,"C","NT_07","exp"
171,"Homonymy","HomonymyVideo2",2,"C","NT_07","exp"
172,"Homonymy","HomonymyVideo1",2,"C","NT_07","exp"
173,"Polysemy","PolysemyVideo4",3,"C","NT_07","exp"
174,"Polysemy","PolysemyVideo2",2,"C","NT_07","exp"
175,"Polysemy","PolysemyVideo1",1,"C","NT_07","exp"
176,"Polysemy","PolysemyVideo3",2,"C","NT_07","exp"
177,"Polysemy","PolysemyVideo1",2,"C","NT_08","exp"
178,"Polysemy","PolysemyVideo3",3,"C","NT_08","exp"
179,"Polysemy","PolysemyVideo4",2,"C","NT_08","exp"
180,"Polysemy","PolysemyVideo2",3,"C","NT_08","exp"
181,"Homonymy","HomonymyVideo4",1,"C","NT_08","exp"
182,"Homonymy","HomonymyVideo3",1,"C","NT_08","exp"
183,"Homonymy","HomonymyVideo1",1,"C","NT_08","exp"
184,"Homonymy","HomonymyVideo2",2,"C","NT_08","exp"
185,"Polysemy","PolysemyVideo4",2,"C","NT_23","exp"
186,"Polysemy","PolysemyVideo2",2,"C","NT_23","exp"
187,"Homonymy","HomonymyVideo2",1,"C","NT_23","exp"
188,"Polysemy","PolysemyVideo1",1,"C","NT_23","exp"
189,"Polysemy","PolysemyVideo3",1,"C","NT_23","exp"
190,"Homonymy","HomonymyVideo4",1,"C","NT_23","exp"
191,"Homonymy","HomonymyVideo3",2,"C","NT_23","exp"
192,"Homonymy","HomonymyVideo1",2,"C","NT_23","exp"
193,"Homonymy","HomonymyVideo4",1,"C","NT_24","exp"
194,"Homonymy","HomonymyVideo2",2,"C","NT_24","exp"
195,"Polysemy","PolysemyVideo2",3,"C","NT_24","exp"
196,"Homonymy","HomonymyVideo1",2,"C","NT_24","exp"
197,"Polysemy","PolysemyVideo4",2,"C","NT_24","exp"
198,"Homonymy","HomonymyVideo3",2,"C","NT_24","exp"
199,"Polysemy","PolysemyVideo3",3,"C","NT_24","exp"
200,"Polysemy","PolysemyVideo1",3,"C","NT_24","exp"
201,"Polysemy","PolysemyVideo3",1,"C","NT_25","exp"
202,"Polysemy","PolysemyVideo4",2,"C","NT_25","exp"
203,"Polysemy","PolysemyVideo2",2,"C","NT_25","exp"
204,"Polysemy","PolysemyVideo1",2,"C","NT_25","exp"
205,"Homonymy","HomonymyVideo3",2,"C","NT_25","exp"
206,"Homonymy","HomonymyVideo1",2,"C","NT_25","exp"
207,"Homonymy","HomonymyVideo2",1,"C","NT_25","exp"
208,"Homonymy","HomonymyVideo4",0,"C","NT_25","exp"
209,"Homonymy","HomonymyVideo3",2,"C","NT_26","exp"
210,"Homonymy","HomonymyVideo4",1,"C","NT_26","exp"
211,"Homonymy","HomonymyVideo1",1,"C","NT_26","exp"
212,"Polysemy","PolysemyVideo4",2,"C","NT_26","exp"
213,"Homonymy","HomonymyVideo2",3,"C","NT_26","exp"
214,"Polysemy","PolysemyVideo3",2,"C","NT_26","exp"
215,"Polysemy","PolysemyVideo2",3,"C","NT_26","exp"
216,"Polysemy","PolysemyVideo1",2,"C","NT_26","exp"
217,"Polysemy","PolysemyVideo4",2,"C","NT_27","exp"
218,"Polysemy","PolysemyVideo3",2,"C","NT_27","exp"
219,"Polysemy","PolysemyVideo2",3,"C","NT_27","exp"
220,"Homonymy","HomonymyVideo4",1,"C","NT_27","exp"
221,"Polysemy","PolysemyVideo1",2,"C","NT_27","exp"
222,"Homonymy","HomonymyVideo3",0,"C","NT_27","exp"
223,"Homonymy","HomonymyVideo2",2,"C","NT_27","exp"
224,"Homonymy","HomonymyVideo1",1,"C","NT_27","exp"
225,"Homonymy","HomonymyVideo1",1,"C","NT_28","exp"
226,"Homonymy","HomonymyVideo3",2,"C","NT_28","exp"
227,"Homonymy","HomonymyVideo4",1,"C","NT_28","exp"
228,"Homonymy","HomonymyVideo2",0,"C","NT_28","exp"
229,"Polysemy","PolysemyVideo4",2,"C","NT_28","exp"
230,"Polysemy","PolysemyVideo3",1,"C","NT_28","exp"
231,"Polysemy","PolysemyVideo1",2,"C","NT_28","exp"
232,"Polysemy","PolysemyVideo2",2,"C","NT_28","exp"
233,"Polysemy","PolysemyVideo4",2,"C","NT_29","exp"
234,"Polysemy","PolysemyVideo2",2,"C","NT_29","exp"
235,"Homonymy","HomonymyVideo1",1,"C","NT_29","exp"
236,"Polysemy","PolysemyVideo1",2,"C","NT_29","exp"
237,"Homonymy","HomonymyVideo3",2,"C","NT_29","exp"
238,"Polysemy","PolysemyVideo3",1,"C","NT_29","exp"
239,"Homonymy","HomonymyVideo4",2,"C","NT_29","exp"
240,"Homonymy","HomonymyVideo2",2,"C","NT_29","exp"
241,"Homonymy","HomonymyVideo4",2,"C","NT_30","exp"
242,"Homonymy","HomonymyVideo3",2,"C","NT_30","exp"
243,"Homonymy","HomonymyVideo1",1,"C","NT_30","exp"
244,"Homonymy","HomonymyVideo2",1,"C","NT_30","exp"
245,"Polysemy","PolysemyVideo4",3,"C","NT_30","exp"
246,"Polysemy","PolysemyVideo2",3,"C","NT_30","exp"
247,"Polysemy","PolysemyVideo1",2,"C","NT_30","exp"
248,"Polysemy","PolysemyVideo3",0,"C","NT_30","exp"
249,"Polysemy","PolysemyVideo1",1,"C","NT_31","exp"
250,"Polysemy","PolysemyVideo3",0,"C","NT_31","exp"
251,"Polysemy","PolysemyVideo4",1,"C","NT_31","exp"
252,"Polysemy","PolysemyVideo2",1,"C","NT_31","exp"
253,"Homonymy","HomonymyVideo4",0,"C","NT_31","exp"
254,"Homonymy","HomonymyVideo3",2,"C","NT_31","exp"
255,"Homonymy","HomonymyVideo1",1,"C","NT_31","exp"
256,"Homonymy","HomonymyVideo2",1,"C","NT_31","exp"
257,"Homonymy","HomonymyVideo3",2,"C","NT_32","exp"
258,"Homonymy","HomonymyVideo1",2,"C","NT_32","exp"
259,"Polysemy","PolysemyVideo2",2,"C","NT_32","exp"
260,"Homonymy","HomonymyVideo2",0,"C","NT_32","exp"
261,"Homonymy","HomonymyVideo4",1,"C","NT_32","exp"
262,"Polysemy","PolysemyVideo4",3,"C","NT_32","exp"
263,"Polysemy","PolysemyVideo3",1,"C","NT_32","exp"
264,"Polysemy","PolysemyVideo1",2,"C","NT_32","exp"
265,"Polysemy","PolysemyVideo2",0,"C","NT_33","exp"
266,"Polysemy","PolysemyVideo1",2,"C","NT_33","exp"
267,"Polysemy","PolysemyVideo3",1,"C","NT_33","exp"
268,"Polysemy","PolysemyVideo4",0,"C","NT_33","exp"
269,"Homonymy","HomonymyVideo1",1,"C","NT_33","exp"
270,"Homonymy","HomonymyVideo2",1,"C","NT_33","exp"
271,"Homonymy","HomonymyVideo4",2,"C","NT_33","exp"
272,"Homonymy","HomonymyVideo3",1,"C","NT_33","exp"
273,"Polysemy","PolysemyVideo2",1,"C","NT_34","exp"
274,"Polysemy","PolysemyVideo1",2,"C","NT_34","exp"
275,"Polysemy","PolysemyVideo3",2,"C","NT_34","exp"
276,"Polysemy","PolysemyVideo4",2,"C","NT_34","exp"
277,"Homonymy","HomonymyVideo2",1,"C","NT_34","exp"
278,"Homonymy","HomonymyVideo1",2,"C","NT_34","exp"
279,"Homonymy","HomonymyVideo3",2,"C","NT_34","exp"
280,"Homonymy","HomonymyVideo4",1,"C","NT_34","exp"
281,"Homonymy","HomonymyVideo3",3,"C","NT_35","exp"
282,"Homonymy","HomonymyVideo1",2,"C","NT_35","exp"
283,"Polysemy","PolysemyVideo1",2,"C","NT_35","exp"
284,"Homonymy","HomonymyVideo2",3,"C","NT_35","exp"
285,"Homonymy","HomonymyVideo4",2,"C","NT_35","exp"
286,"Polysemy","PolysemyVideo3",2,"C","NT_35","exp"
287,"Polysemy","PolysemyVideo4",2,"C","NT_35","exp"
288,"Polysemy","PolysemyVideo2",3,"C","NT_35","exp"
289,"Homonymy","HomonymyVideo4",2,"C","NT_36","exp"
290,"Homonymy","HomonymyVideo2",2,"C","NT_36","exp"
291,"Polysemy","PolysemyVideo1",1,"C","NT_36","exp"
292,"Homonymy","HomonymyVideo1",2,"C","NT_36","exp"
293,"Polysemy","PolysemyVideo3",1,"C","NT_36","exp"
294,"Homonymy","HomonymyVideo3",2,"C","NT_36","exp"
295,"Polysemy","PolysemyVideo4",1,"C","NT_36","exp"
296,"Polysemy","PolysemyVideo2",3,"C","NT_36","exp"
297,"Homonymy","HomonymyVideo4",1,"C","NT_37","exp"
298,"Homonymy","HomonymyVideo3",2,"C","NT_37","exp"
299,"Homonymy","HomonymyVideo1",1,"C","NT_37","exp"
300,"Homonymy","HomonymyVideo2",1,"C","NT_37","exp"
301,"Polysemy","PolysemyVideo3",1,"C","NT_37","exp"
302,"Polysemy","PolysemyVideo1",1,"C","NT_37","exp"
303,"Polysemy","PolysemyVideo2",1,"C","NT_37","exp"
304,"Polysemy","PolysemyVideo4",2,"C","NT_37","exp"
305,"Polysemy","PolysemyVideo3",0,"C","NT_38","exp"
306,"Polysemy","PolysemyVideo4",2,"C","NT_38","exp"
307,"Polysemy","PolysemyVideo1",2,"C","NT_38","exp"
308,"Homonymy","HomonymyVideo3",2,"C","NT_38","exp"
309,"Polysemy","PolysemyVideo2",1,"C","NT_38","exp"
310,"Homonymy","HomonymyVideo4",1,"C","NT_38","exp"
311,"Homonymy","HomonymyVideo1",1,"C","NT_38","exp"
312,"Homonymy","HomonymyVideo2",1,"C","NT_38","exp"
313,"Polysemy","PolysemyVideo3",1,"C","NT_39","exp"
314,"Polysemy","PolysemyVideo4",3,"C","NT_39","exp"
315,"Polysemy","PolysemyVideo1",1,"C","NT_39","exp"
316,"Homonymy","HomonymyVideo4",1,"C","NT_39","exp"
317,"Polysemy","PolysemyVideo2",2,"C","NT_39","exp"
318,"Homonymy","HomonymyVideo3",1,"C","NT_39","exp"
319,"Homonymy","HomonymyVideo2",2,"C","NT_39","exp"
320,"Homonymy","HomonymyVideo1",2,"C","NT_39","exp"
321,"Homonymy","HomonymyVideo2",1,"C","NT_40","exp"
322,"Homonymy","HomonymyVideo4",1,"C","NT_40","exp"
323,"Homonymy","HomonymyVideo3",2,"C","NT_40","exp"
324,"Homonymy","HomonymyVideo1",2,"C","NT_40","exp"
325,"Polysemy","PolysemyVideo4",1,"C","NT_40","exp"
326,"Polysemy","PolysemyVideo3",2,"C","NT_40","exp"
327,"Polysemy","PolysemyVideo1",2,"C","NT_40","exp"
328,"Polysemy","PolysemyVideo2",3,"C","NT_40","exp"
329,"Polysemy","PolysemyVideo4",2,"C","NT_41","exp"
330,"Polysemy","PolysemyVideo2",3,"C","NT_41","exp"
331,"Homonymy","HomonymyVideo2",2,"C","NT_41","exp"
332,"Polysemy","PolysemyVideo1",2,"C","NT_41","exp"
333,"Homonymy","HomonymyVideo4",0,"C","NT_41","exp"
334,"Polysemy","PolysemyVideo3",1,"C","NT_41","exp"
335,"Homonymy","HomonymyVideo3",2,"C","NT_41","exp"
336,"Homonymy","HomonymyVideo1",2,"C","NT_41","exp"
337,"Homonymy","HomonymyVideo3",1,"C","NT_42","exp"
338,"Homonymy","HomonymyVideo4",1,"C","NT_42","exp"
339,"Homonymy","HomonymyVideo2",2,"C","NT_42","exp"
340,"Homonymy","HomonymyVideo1",1,"C","NT_42","exp"
341,"Polysemy","PolysemyVideo4",2,"C","NT_42","exp"
342,"Polysemy","PolysemyVideo2",0,"C","NT_42","exp"
343,"Polysemy","PolysemyVideo1",2,"C","NT_42","exp"
344,"Polysemy","PolysemyVideo3",3,"C","NT_42","exp"
345,"Polysemy","PolysemyVideo2",2,"C","NT_43","exp"
346,"Polysemy","PolysemyVideo4",1,"C","NT_43","exp"
347,"Polysemy","PolysemyVideo3",2,"C","NT_43","exp"
348,"Polysemy","PolysemyVideo1",3,"C","NT_43","exp"
349,"Homonymy","HomonymyVideo3",2,"C","NT_43","exp"
350,"Homonymy","HomonymyVideo4",2,"C","NT_43","exp"
351,"Homonymy","HomonymyVideo2",1,"C","NT_43","exp"
352,"Homonymy","HomonymyVideo1",1,"C","NT_43","exp"
353,"Homonymy","HomonymyVideo3",3,"C","NT_44","exp"
354,"Homonymy","HomonymyVideo1",3,"C","NT_44","exp"
355,"Polysemy","PolysemyVideo1",3,"C","NT_44","exp"
356,"Homonymy","HomonymyVideo2",2,"C","NT_44","exp"
357,"Homonymy","HomonymyVideo4",2,"C","NT_44","exp"
358,"Polysemy","PolysemyVideo3",1,"C","NT_44","exp"
359,"Polysemy","PolysemyVideo4",3,"C","NT_44","exp"
360,"Polysemy","PolysemyVideo2",3,"C","NT_44","exp"
361,"Polysemy","PolysemyVideo3",3,"C","NT_45","exp"
362,"Polysemy","PolysemyVideo4",2,"C","NT_45","exp"
363,"Polysemy","PolysemyVideo1",2,"C","NT_45","exp"
364,"Homonymy","HomonymyVideo3",1,"C","NT_45","exp"
365,"Polysemy","PolysemyVideo2",1,"C","NT_45","exp"
366,"Homonymy","HomonymyVideo4",1,"C","NT_45","exp"
367,"Homonymy","HomonymyVideo1",2,"C","NT_45","exp"
368,"Homonymy","HomonymyVideo2",1,"C","NT_45","exp"
369,"Homonymy","HomonymyVideo3",1,"C","NT_46","exp"
370,"Homonymy","HomonymyVideo1",1,"C","NT_46","exp"
371,"Homonymy","HomonymyVideo2",2,"C","NT_46","exp"
372,"Polysemy","PolysemyVideo2",2,"C","NT_46","exp"
373,"Polysemy","PolysemyVideo4",3,"C","NT_46","exp"
374,"Homonymy","HomonymyVideo4",1,"C","NT_46","exp"
375,"Polysemy","PolysemyVideo3",2,"C","NT_46","exp"
376,"Polysemy","PolysemyVideo1",1,"C","NT_46","exp"
377,"Polysemy","PolysemyVideo4",3,"C","NT_47","exp"
378,"Polysemy","PolysemyVideo2",3,"C","NT_47","exp"
379,"Homonymy","HomonymyVideo2",2,"C","NT_47","exp"
380,"Polysemy","PolysemyVideo1",3,"C","NT_47","exp"
381,"Homonymy","HomonymyVideo4",2,"C","NT_47","exp"
382,"Polysemy","PolysemyVideo3",3,"C","NT_47","exp"
383,"Homonymy","HomonymyVideo3",1,"C","NT_47","exp"
384,"Homonymy","HomonymyVideo1",2,"C","NT_47","exp"
385,"Homonymy","HomonymyVideo3",2,"C","NT_48","exp"
386,"Homonymy","HomonymyVideo4",1,"C","NT_48","exp"
387,"Homonymy","HomonymyVideo2",2,"C","NT_48","exp"
388,"Homonymy","HomonymyVideo1",3,"C","NT_48","exp"
389,"Polysemy","PolysemyVideo4",2,"C","NT_48","exp"
390,"Polysemy","PolysemyVideo2",1,"C","NT_48","exp"
391,"Polysemy","PolysemyVideo1",2,"C","NT_48","exp"
392,"Polysemy","PolysemyVideo3",1,"C","NT_48","exp"
393,"Homonymy","HomonymyVideo3",2,"C","NT_49","exp"
394,"Homonymy","HomonymyVideo4",1,"C","NT_49","exp"
395,"Homonymy","HomonymyVideo1",2,"C","NT_49","exp"
396,"Polysemy","PolysemyVideo3",1,"C","NT_49","exp"
397,"Homonymy","HomonymyVideo2",1,"C","NT_49","exp"
398,"Polysemy","PolysemyVideo4",1,"C","NT_49","exp"
399,"Polysemy","PolysemyVideo1",1,"C","NT_49","exp"
400,"Polysemy","PolysemyVideo2",3,"C","NT_49","exp"
401,"Homonymy","HomonymyVideo3",2,"C","NT_50","exp"
402,"Homonymy","HomonymyVideo4",1,"C","NT_50","exp"
403,"Homonymy","HomonymyVideo1",3,"C","NT_50","exp"
404,"Polysemy","PolysemyVideo4",2,"C","NT_50","exp"
405,"Homonymy","HomonymyVideo2",2,"C","NT_50","exp"
406,"Polysemy","PolysemyVideo3",2,"C","NT_50","exp"
407,"Polysemy","PolysemyVideo2",3,"C","NT_50","exp"
408,"Polysemy","PolysemyVideo1",3,"C","NT_50","exp"
409,"Polysemy","PolysemyVideo1",1,"C","NT_51","exp"
410,"Polysemy","PolysemyVideo3",2,"C","NT_51","exp"
411,"Polysemy","PolysemyVideo4",2,"C","NT_51","exp"
412,"Polysemy","PolysemyVideo2",3,"C","NT_51","exp"
413,"Homonymy","HomonymyVideo4",2,"C","NT_51","exp"
414,"Homonymy","HomonymyVideo3",3,"C","NT_51","exp"
415,"Homonymy","HomonymyVideo1",2,"C","NT_51","exp"
416,"Homonymy","HomonymyVideo2",1,"C","NT_51","exp"
417,"Homonymy","HomonymyVideo4",2,"C","NT_52","exp"
418,"Homonymy","HomonymyVideo2",1,"C","NT_52","exp"
419,"Polysemy","PolysemyVideo2",0,"C","NT_52","exp"
420,"Homonymy","HomonymyVideo1",1,"C","NT_52","exp"
421,"Polysemy","PolysemyVideo4",2,"C","NT_52","exp"
422,"Homonymy","HomonymyVideo3",1,"C","NT_52","exp"
423,"Polysemy","PolysemyVideo3",0,"C","NT_52","exp"
424,"Polysemy","PolysemyVideo1",0,"C","NT_52","exp"
425,"Homonymy","HomonymyVideo4",2,"C","NT_53","exp"
426,"Homonymy","HomonymyVideo3",2,"C","NT_53","exp"
427,"Homonymy","HomonymyVideo1",2,"C","NT_53","exp"
428,"Homonymy","HomonymyVideo2",2,"C","NT_53","exp"
429,"Polysemy","PolysemyVideo3",1,"C","NT_53","exp"
430,"Polysemy","PolysemyVideo1",3,"C","NT_53","exp"
431,"Polysemy","PolysemyVideo2",2,"C","NT_53","exp"
432,"Polysemy","PolysemyVideo4",3,"C","NT_53","exp"
433,"Polysemy","PolysemyVideo1",2,"C","NT_54","exp"
434,"Polysemy","PolysemyVideo3",0,"C","NT_54","exp"
435,"Polysemy","PolysemyVideo4",2,"C","NT_54","exp"
436,"Polysemy","PolysemyVideo2",2,"C","NT_54","exp"
437,"Homonymy","HomonymyVideo3",2,"C","NT_54","exp"
438,"Homonymy","HomonymyVideo4",1,"C","NT_54","exp"
439,"Homonymy","HomonymyVideo2",1,"C","NT_54","exp"
440,"Homonymy","HomonymyVideo1",2,"C","NT_54","exp"
441,"Homonymy","HomonymyVideo4",1,"C","NT_55","exp"
442,"Homonymy","HomonymyVideo2",2,"C","NT_55","exp"
443,"Polysemy","PolysemyVideo2",2,"C","NT_55","exp"
444,"Homonymy","HomonymyVideo1",2,"C","NT_55","exp"
445,"Homonymy","HomonymyVideo3",2,"C","NT_55","exp"
446,"Polysemy","PolysemyVideo4",2,"C","NT_55","exp"
447,"Polysemy","PolysemyVideo3",3,"C","NT_55","exp"
448,"Polysemy","PolysemyVideo1",3,"C","NT_55","exp"
449,"Homonymy","HomonymyVideo3",1,"C","NT_56","exp"
450,"Homonymy","HomonymyVideo4",1,"C","NT_56","exp"
451,"Homonymy","HomonymyVideo1",1,"C","NT_56","exp"
452,"Polysemy","PolysemyVideo4",2,"C","NT_56","exp"
453,"Homonymy","HomonymyVideo2",1,"C","NT_56","exp"
454,"Polysemy","PolysemyVideo3",3,"C","NT_56","exp"
455,"Polysemy","PolysemyVideo2",0,"C","NT_56","exp"
456,"Polysemy","PolysemyVideo1",2,"C","NT_56","exp"
457,"Polysemy","PolysemyVideo3",1,"C","NT_57","exp"
458,"Polysemy","PolysemyVideo1",0,"C","NT_57","exp"
459,"Polysemy","PolysemyVideo2",1,"C","NT_57","exp"
460,"Homonymy","HomonymyVideo1",0,"C","NT_57","exp"
461,"Homonymy","HomonymyVideo3",2,"C","NT_57","exp"
462,"Polysemy","PolysemyVideo4",1,"C","NT_57","exp"
463,"Homonymy","HomonymyVideo4",1,"C","NT_57","exp"
464,"Homonymy","HomonymyVideo2",2,"C","NT_57","exp"
465,"Polysemy","PolysemyVideo2",3,"C","NT_58","exp"
466,"Homonymy","HomonymyVideo4",3,"C","NT_58","exp"
467,"Homonymy","HomonymyVideo2",3,"C","NT_58","exp"
468,"Homonymy","HomonymyVideo1",3,"C","NT_58","exp"
469,"Polysemy","PolysemyVideo1",2,"C","NT_58","exp"
470,"Polysemy","PolysemyVideo3",2,"C","NT_58","exp"
471,"Polysemy","PolysemyVideo4",2,"C","NT_58","exp"
472,"Homonymy","HomonymyVideo3",2,"C","NT_58","exp"
473,"Polysemy","PolysemyVideo4",2,"C","NT_59","exp"
474,"Polysemy","PolysemyVideo3",2,"C","NT_59","exp"
475,"Polysemy","PolysemyVideo1",0,"C","NT_59","exp"
476,"Polysemy","PolysemyVideo2",1,"C","NT_59","exp"
477,"Homonymy","HomonymyVideo3",1,"C","NT_59","exp"
478,"Homonymy","HomonymyVideo1",1,"C","NT_59","exp"
479,"Homonymy","HomonymyVideo2",0,"C","NT_59","exp"
480,"Homonymy","HomonymyVideo4",1,"C","NT_59","exp"
481,"Polysemy","PolysemyVideo1",1,"A","ASD_01","exp"
482,"Homonymy","HomonymyVideo2",1,"A","ASD_01","exp"
483,"Polysemy","PolysemyVideo2",1,"A","ASD_01","exp"
484,"Homonymy","HomonymyVideo1",1,"A","ASD_01","exp"
485,"Polysemy","PolysemyVideo4",2,"A","ASD_01","exp"
486,"Homonymy","HomonymyVideo3",3,"A","ASD_01","exp"
487,"Polysemy","PolysemyVideo3",1,"A","ASD_01","exp"
488,"Homonymy","HomonymyVideo4",0,"A","ASD_01","exp"
489,"Homonymy","HomonymyVideo2",2,"A","ASD_02","exp"
490,"Polysemy","PolysemyVideo1",2,"A","ASD_02","exp"
491,"Homonymy","HomonymyVideo1",2,"A","ASD_02","exp"
492,"Polysemy","PolysemyVideo2",2,"A","ASD_02","exp"
493,"Homonymy","HomonymyVideo3",2,"A","ASD_02","exp"
494,"Polysemy","PolysemyVideo4",3,"A","ASD_02","exp"
495,"Homonymy","HomonymyVideo4",2,"A","ASD_02","exp"
496,"Polysemy","PolysemyVideo3",1,"A","ASD_02","exp"
497,"Polysemy","PolysemyVideo2",3,"A","ASD_03","exp"
498,"Homonymy","HomonymyVideo1",2,"A","ASD_03","exp"
499,"Polysemy","PolysemyVideo1",3,"A","ASD_03","exp"
500,"Homonymy","HomonymyVideo2",3,"A","ASD_03","exp"
501,"Polysemy","PolysemyVideo3",2,"A","ASD_03","exp"
502,"Homonymy","HomonymyVideo4",2,"A","ASD_03","exp"
503,"Polysemy","PolysemyVideo4",3,"A","ASD_03","exp"
504,"Homonymy","HomonymyVideo3",0,"A","ASD_03","exp"
505,"Polysemy","PolysemyVideo1",2,"A","ASD_04","exp"
506,"Homonymy","HomonymyVideo2",2,"A","ASD_04","exp"
507,"Polysemy","PolysemyVideo2",1,"A","ASD_04","exp"
508,"Homonymy","HomonymyVideo1",2,"A","ASD_04","exp"
509,"Polysemy","PolysemyVideo4",1,"A","ASD_04","exp"
510,"Homonymy","HomonymyVideo3",2,"A","ASD_04","exp"
511,"Polysemy","PolysemyVideo3",2,"A","ASD_04","exp"
512,"Homonymy","HomonymyVideo4",1,"A","ASD_04","exp"
513,"Polysemy","PolysemyVideo2",0,"A","ASD_05","exp"
514,"Homonymy","HomonymyVideo1",2,"A","ASD_05","exp"
515,"Polysemy","PolysemyVideo1",3,"A","ASD_05","exp"
516,"Homonymy","HomonymyVideo2",2,"A","ASD_05","exp"
517,"Polysemy","PolysemyVideo3",3,"A","ASD_05","exp"
518,"Homonymy","HomonymyVideo4",2,"A","ASD_05","exp"
519,"Polysemy","PolysemyVideo4",3,"A","ASD_05","exp"
520,"Homonymy","HomonymyVideo3",2,"A","ASD_05","exp"
521,"Homonymy","HomonymyVideo1",2,"A","ASD_06","exp"
522,"Polysemy","PolysemyVideo2",1,"A","ASD_06","exp"
523,"Homonymy","HomonymyVideo2",1,"A","ASD_06","exp"
524,"Polysemy","PolysemyVideo1",1,"A","ASD_06","exp"
525,"Homonymy","HomonymyVideo4",1,"A","ASD_06","exp"
526,"Polysemy","PolysemyVideo3",1,"A","ASD_06","exp"
527,"Homonymy","HomonymyVideo3",2,"A","ASD_06","exp"
528,"Polysemy","PolysemyVideo4",1,"A","ASD_06","exp"
529,"Homonymy","HomonymyVideo2",1,"A","ASD_07","exp"
530,"Polysemy","PolysemyVideo2",1,"A","ASD_07","exp"
531,"Homonymy","HomonymyVideo1",3,"A","ASD_07","exp"
532,"Polysemy","PolysemyVideo1",1,"A","ASD_07","exp"
533,"Homonymy","HomonymyVideo3",1,"A","ASD_07","exp"
534,"Polysemy","PolysemyVideo3",1,"A","ASD_07","exp"
535,"Homonymy","HomonymyVideo4",2,"A","ASD_07","exp"
536,"Polysemy","PolysemyVideo4",1,"A","ASD_07","exp"
537,"Polysemy","PolysemyVideo1",2,"A","ASD_08","exp"
538,"Homonymy","HomonymyVideo2",2,"A","ASD_08","exp"
539,"Polysemy","PolysemyVideo2",3,"A","ASD_08","exp"
540,"Homonymy","HomonymyVideo1",2,"A","ASD_08","exp"
541,"Polysemy","PolysemyVideo4",2,"A","ASD_08","exp"
542,"Homonymy","HomonymyVideo3",3,"A","ASD_08","exp"
543,"Polysemy","PolysemyVideo3",2,"A","ASD_08","exp"
544,"Homonymy","HomonymyVideo4",3,"A","ASD_08","exp"
545,"Homonymy","HomonymyVideo1",2,"A","ASD_09","exp"
546,"Polysemy","PolysemyVideo1",1,"A","ASD_09","exp"
547,"Homonymy","HomonymyVideo2",2,"A","ASD_09","exp"
548,"Polysemy","PolysemyVideo2",0,"A","ASD_09","exp"
549,"Homonymy","HomonymyVideo4",1,"A","ASD_09","exp"
550,"Polysemy","PolysemyVideo4",0,"A","ASD_09","exp"
551,"Homonymy","HomonymyVideo3",1,"A","ASD_09","exp"
552,"Polysemy","PolysemyVideo3",1,"A","ASD_09","exp"
553,"Homonymy","HomonymyVideo1",2,"A","ASD_10","exp"
554,"Polysemy","PolysemyVideo1",2,"A","ASD_10","exp"
555,"Homonymy","HomonymyVideo2",2,"A","ASD_10","exp"
556,"Polysemy","PolysemyVideo2",3,"A","ASD_10","exp"
557,"Homonymy","HomonymyVideo4",2,"A","ASD_10","exp"
558,"Polysemy","PolysemyVideo4",1,"A","ASD_10","exp"
559,"Homonymy","HomonymyVideo3",2,"A","ASD_10","exp"
560,"Polysemy","PolysemyVideo3",0,"A","ASD_10","exp"
561,"Polysemy","PolysemyVideo1",1,"A","ASD_11","exp"
562,"Homonymy","HomonymyVideo2",1,"A","ASD_11","exp"
563,"Polysemy","PolysemyVideo2",1,"A","ASD_11","exp"
564,"Homonymy","HomonymyVideo1",2,"A","ASD_11","exp"
565,"Polysemy","PolysemyVideo4",0,"A","ASD_11","exp"
566,"Homonymy","HomonymyVideo3",3,"A","ASD_11","exp"
567,"Polysemy","PolysemyVideo3",0,"A","ASD_11","exp"
568,"Homonymy","HomonymyVideo4",2,"A","ASD_11","exp"
569,"Homonymy","HomonymyVideo2",1,"A","ASD_12","exp"
570,"Polysemy","PolysemyVideo1",0,"A","ASD_12","exp"
571,"Homonymy","HomonymyVideo1",2,"A","ASD_12","exp"
572,"Polysemy","PolysemyVideo2",1,"A","ASD_12","exp"
573,"Homonymy","HomonymyVideo3",2,"A","ASD_12","exp"
574,"Polysemy","PolysemyVideo4",2,"A","ASD_12","exp"
575,"Homonymy","HomonymyVideo4",1,"A","ASD_12","exp"
576,"Polysemy","PolysemyVideo3",0,"A","ASD_12","exp"
577,"Homonymy","HomonymyVideo1",1,"A","ASD_13","exp"
578,"Polysemy","PolysemyVideo1",1,"A","ASD_13","exp"
579,"Homonymy","HomonymyVideo2",1,"A","ASD_13","exp"
580,"Polysemy","PolysemyVideo2",2,"A","ASD_13","exp"
581,"Homonymy","HomonymyVideo4",1,"A","ASD_13","exp"
582,"Polysemy","PolysemyVideo4",2,"A","ASD_13","exp"
583,"Homonymy","HomonymyVideo3",2,"A","ASD_13","exp"
584,"Polysemy","PolysemyVideo3",2,"A","ASD_13","exp"
585,"Polysemy","PolysemyVideo2",2,"A","ASD_14","exp"
586,"Homonymy","HomonymyVideo1",2,"A","ASD_14","exp"
587,"Polysemy","PolysemyVideo1",2,"A","ASD_14","exp"
588,"Homonymy","HomonymyVideo2",2,"A","ASD_14","exp"
589,"Polysemy","PolysemyVideo3",2,"A","ASD_14","exp"
590,"Homonymy","HomonymyVideo4",2,"A","ASD_14","exp"
591,"Polysemy","PolysemyVideo4",2,"A","ASD_14","exp"
592,"Homonymy","HomonymyVideo3",2,"A","ASD_14","exp"
593,"Homonymy","HomonymyVideo2",0,"A","ASD_15","exp"
594,"Polysemy","PolysemyVideo2",1,"A","ASD_15","exp"
595,"Homonymy","HomonymyVideo1",0,"A","ASD_15","exp"
596,"Polysemy","PolysemyVideo1",1,"A","ASD_15","exp"
597,"Homonymy","HomonymyVideo3",1,"A","ASD_15","exp"
598,"Polysemy","PolysemyVideo3",1,"A","ASD_15","exp"
599,"Homonymy","HomonymyVideo4",2,"A","ASD_15","exp"
600,"Polysemy","PolysemyVideo4",1,"A","ASD_15","exp"
601,"Polysemy","PolysemyVideo2",1,"A","ASD_16","exp"
602,"Homonymy","HomonymyVideo1",2,"A","ASD_16","exp"
603,"Polysemy","PolysemyVideo1",1,"A","ASD_16","exp"
604,"Homonymy","HomonymyVideo2",0,"A","ASD_16","exp"
605,"Polysemy","PolysemyVideo3",1,"A","ASD_16","exp"
606,"Homonymy","HomonymyVideo4",2,"A","ASD_16","exp"
607,"Polysemy","PolysemyVideo4",0,"A","ASD_16","exp"
608,"Homonymy","HomonymyVideo3",1,"A","ASD_16","exp"
609,"Homonymy","HomonymyVideo1",3,"A","ASD_17","exp"
610,"Polysemy","PolysemyVideo2",2,"A","ASD_17","exp"
611,"Polysemy","PolysemyVideo1",0,"A","ASD_17","exp"
612,"Polysemy","PolysemyVideo4",2,"A","ASD_17","exp"
613,"Homonymy","HomonymyVideo3",1,"A","ASD_17","exp"
614,"Polysemy","PolysemyVideo3",1,"A","ASD_17","exp"
615,"Homonymy","HomonymyVideo2",1,"A","ASD_17","exp"
616,"Homonymy","HomonymyVideo4",1,"A","ASD_17","exp"
617,"Polysemy","PolysemyVideo1",1,"A","ASD_18","exp"
618,"Homonymy","HomonymyVideo2",1,"A","ASD_18","exp"
619,"Polysemy","PolysemyVideo2",1,"A","ASD_18","exp"
620,"Homonymy","HomonymyVideo1",1,"A","ASD_18","exp"
621,"Polysemy","PolysemyVideo4",1,"A","ASD_18","exp"
622,"Homonymy","HomonymyVideo3",1,"A","ASD_18","exp"
623,"Polysemy","PolysemyVideo3",1,"A","ASD_18","exp"
624,"Homonymy","HomonymyVideo4",1,"A","ASD_18","exp"
625,"Homonymy","HomonymyVideo4",0,"A","ASD_19","exp"
626,"Polysemy","PolysemyVideo2",0,"A","ASD_19","exp"
627,"Polysemy","PolysemyVideo3",2,"A","ASD_19","exp"
628,"Homonymy","HomonymyVideo1",1,"A","ASD_19","exp"
629,"Homonymy","HomonymyVideo3",2,"A","ASD_19","exp"
630,"Polysemy","PolysemyVideo4",1,"A","ASD_19","exp"
631,"Homonymy","HomonymyVideo2",2,"A","ASD_19","exp"
632,"Polysemy","PolysemyVideo1",1,"A","ASD_19","exp"
633,"Homonymy","HomonymyVideo4",2,"A","ASD_20","exp"
634,"Polysemy","PolysemyVideo4",2,"A","ASD_20","exp"
635,"Polysemy","PolysemyVideo2",2,"A","ASD_20","exp"
636,"Polysemy","PolysemyVideo3",2,"A","ASD_20","exp"
637,"Polysemy","PolysemyVideo1",2,"A","ASD_20","exp"
638,"Homonymy","HomonymyVideo3",1,"A","ASD_20","exp"
639,"Homonymy","HomonymyVideo1",0,"A","ASD_20","exp"
640,"Homonymy","HomonymyVideo2",1,"A","ASD_20","exp"
641,"Polysemy","PolysemyVideo2",1,"A","ASD_21","exp"
642,"Homonymy","HomonymyVideo1",1,"A","ASD_21","exp"
643,"Polysemy","PolysemyVideo4",2,"A","ASD_21","exp"
644,"Homonymy","HomonymyVideo3",1,"A","ASD_21","exp"
645,"Polysemy","PolysemyVideo1",1,"A","ASD_21","exp"
646,"Polysemy","PolysemyVideo3",1,"A","ASD_21","exp"
647,"Homonymy","HomonymyVideo2",1,"A","ASD_21","exp"
648,"Homonymy","HomonymyVideo4",2,"A","ASD_21","exp"
649,"Polysemy","PolysemyVideo2",3,"A","ASD_22","exp"
650,"Homonymy","HomonymyVideo2",2,"A","ASD_22","exp"
651,"Polysemy","PolysemyVideo1",3,"A","ASD_22","exp"
652,"Homonymy","HomonymyVideo1",2,"A","ASD_22","exp"
653,"Polysemy","PolysemyVideo3",3,"A","ASD_22","exp"
654,"Homonymy","HomonymyVideo3",1,"A","ASD_22","exp"
655,"Polysemy","PolysemyVideo4",3,"A","ASD_22","exp"
656,"Homonymy","HomonymyVideo4",1,"A","ASD_22","exp"
657,"Polysemy","PolysemyVideo2",1,"A","ASD_23","exp"
658,"Homonymy","HomonymyVideo2",0,"A","ASD_23","exp"
659,"Polysemy","PolysemyVideo1",1,"A","ASD_23","exp"
660,"Homonymy","HomonymyVideo1",1,"A","ASD_23","exp"
661,"Polysemy","PolysemyVideo3",1,"A","ASD_23","exp"
662,"Homonymy","HomonymyVideo3",2,"A","ASD_23","exp"
663,"Polysemy","PolysemyVideo4",2,"A","ASD_23","exp"
664,"Homonymy","HomonymyVideo4",1,"A","ASD_23","exp"
665,"Polysemy","PolysemyVideo2",2,"A","ASD_24","exp"
666,"Homonymy","HomonymyVideo1",2,"A","ASD_24","exp"
667,"Polysemy","PolysemyVideo1",3,"A","ASD_24","exp"
668,"Homonymy","HomonymyVideo2",3,"A","ASD_24","exp"
669,"Polysemy","PolysemyVideo3",3,"A","ASD_24","exp"
670,"Homonymy","HomonymyVideo4",3,"A","ASD_24","exp"
671,"Polysemy","PolysemyVideo4",2,"A","ASD_24","exp"
672,"Homonymy","HomonymyVideo3",2,"A","ASD_24","exp"
673,"Polysemy","PolysemyVideo4",2,"A","ASD_25","exp"
674,"Polysemy","PolysemyVideo3",1,"A","ASD_25","exp"
675,"Homonymy","HomonymyVideo4",0,"A","ASD_25","exp"
676,"Homonymy","HomonymyVideo3",1,"A","ASD_25","exp"
677,"Homonymy","HomonymyVideo1",1,"A","ASD_25","exp"
678,"Polysemy","PolysemyVideo1",0,"A","ASD_25","exp"
679,"Homonymy","HomonymyVideo2",2,"A","ASD_25","exp"
680,"Polysemy","PolysemyVideo2",2,"A","ASD_25","exp"
681,"Polysemy","PolysemyVideo1",0,"A","ASD_26","exp"
682,"Homonymy","HomonymyVideo1",1,"A","ASD_26","exp"
683,"Polysemy","PolysemyVideo2",1,"A","ASD_26","exp"
684,"Homonymy","HomonymyVideo2",2,"A","ASD_26","exp"
685,"Polysemy","PolysemyVideo4",1,"A","ASD_26","exp"
686,"Homonymy","HomonymyVideo4",3,"A","ASD_26","exp"
687,"Polysemy","PolysemyVideo3",1,"A","ASD_26","exp"
688,"Homonymy","HomonymyVideo3",2,"A","ASD_26","exp"
689,"Homonymy","HomonymyVideo1",1,"A","ASD_27","exp"
690,"Polysemy","PolysemyVideo1",1,"A","ASD_27","exp"
691,"Homonymy","HomonymyVideo2",0,"A","ASD_27","exp"
692,"Polysemy","PolysemyVideo2",1,"A","ASD_27","exp"
693,"Homonymy","HomonymyVideo4",0,"A","ASD_27","exp"
694,"Polysemy","PolysemyVideo4",0,"A","ASD_27","exp"
695,"Homonymy","HomonymyVideo3",2,"A","ASD_27","exp"
696,"Polysemy","PolysemyVideo3",2,"A","ASD_27","exp"
697,"Homonymy","HomonymyVideo1",1,"A","ASD_28","exp"
698,"Polysemy","PolysemyVideo3",0,"A","ASD_28","exp"
699,"Homonymy","HomonymyVideo4",1,"A","ASD_28","exp"
700,"Homonymy","HomonymyVideo2",2,"A","ASD_28","exp"
701,"Polysemy","PolysemyVideo1",2,"A","ASD_28","exp"
702,"Polysemy","PolysemyVideo2",2,"A","ASD_28","exp"
703,"Polysemy","PolysemyVideo4",2,"A","ASD_28","exp"
704,"Homonymy","HomonymyVideo3",2,"A","ASD_28","exp"
705,"Polysemy","PolysemyVideo4",1,"A","ASD_29","exp"
706,"Homonymy","HomonymyVideo1",1,"A","ASD_29","exp"
707,"Polysemy","PolysemyVideo3",1,"A","ASD_29","exp"
708,"Homonymy","HomonymyVideo4",1,"A","ASD_29","exp"
709,"Homonymy","HomonymyVideo2",1,"A","ASD_29","exp"
710,"Homonymy","HomonymyVideo3",0,"A","ASD_29","exp"
711,"Polysemy","PolysemyVideo1",1,"A","ASD_29","exp"
712,"Polysemy","PolysemyVideo2",2,"A","ASD_29","exp"
713,"Homonymy","HomonymyVideo2",3,"A","ASD_30","exp"
714,"Polysemy","PolysemyVideo2",2,"A","ASD_30","exp"
715,"Homonymy","HomonymyVideo1",2,"A","ASD_30","exp"
716,"Polysemy","PolysemyVideo1",1,"A","ASD_30","exp"
717,"Homonymy","HomonymyVideo3",1,"A","ASD_30","exp"
718,"Polysemy","PolysemyVideo3",2,"A","ASD_30","exp"
719,"Homonymy","HomonymyVideo4",0,"A","ASD_30","exp"
720,"Polysemy","PolysemyVideo4",1,"A","ASD_30","exp"
721,"Polysemy","PolysemyVideo2",2,"A","ASD_31","exp"
722,"Homonymy","HomonymyVideo1",2,"A","ASD_31","exp"
723,"Polysemy","PolysemyVideo1",2,"A","ASD_31","exp"
724,"Homonymy","HomonymyVideo2",2,"A","ASD_31","exp"
725,"Polysemy","PolysemyVideo3",2,"A","ASD_31","exp"
726,"Homonymy","HomonymyVideo4",2,"A","ASD_31","exp"
727,"Polysemy","PolysemyVideo4",2,"A","ASD_31","exp"
728,"Homonymy","HomonymyVideo3",1,"A","ASD_31","exp"
729,"Polysemy","PolysemyVideo1",1,"A","ASD_32","exp"
730,"Homonymy","HomonymyVideo1",2,"A","ASD_32","exp"
731,"Polysemy","PolysemyVideo2",1,"A","ASD_32","exp"
732,"Homonymy","HomonymyVideo2",0,"A","ASD_32","exp"
733,"Polysemy","PolysemyVideo4",2,"A","ASD_32","exp"
734,"Homonymy","HomonymyVideo4",0,"A","ASD_32","exp"
735,"Polysemy","PolysemyVideo3",0,"A","ASD_32","exp"
736,"Homonymy","HomonymyVideo3",1,"A","ASD_32","exp"
737,"Homonymy","HomonymyVideo2",2,"A","ASD_33","exp"
738,"Polysemy","PolysemyVideo2",2,"A","ASD_33","exp"
739,"Homonymy","HomonymyVideo1",1,"A","ASD_33","exp"
740,"Polysemy","PolysemyVideo1",3,"A","ASD_33","exp"
741,"Homonymy","HomonymyVideo3",1,"A","ASD_33","exp"
742,"Polysemy","PolysemyVideo3",1,"A","ASD_33","exp"
743,"Homonymy","HomonymyVideo4",2,"A","ASD_33","exp"
744,"Polysemy","PolysemyVideo4",2,"A","ASD_33","exp"
745,"Polysemy","PolysemyVideo1",3,"A","ASD_34","exp"
746,"Homonymy","HomonymyVideo1",1,"A","ASD_34","exp"
747,"Polysemy","PolysemyVideo2",2,"A","ASD_34","exp"
748,"Homonymy","HomonymyVideo2",3,"A","ASD_34","exp"
749,"Polysemy","PolysemyVideo4",1,"A","ASD_34","exp"
750,"Homonymy","HomonymyVideo4",1,"A","ASD_34","exp"
751,"Polysemy","PolysemyVideo3",1,"A","ASD_34","exp"
752,"Homonymy","HomonymyVideo3",1,"A","ASD_34","exp"
753,"Homonymy","HomonymyVideo1",0,"A","ASD_35","exp"
754,"Polysemy","PolysemyVideo1",2,"A","ASD_35","exp"
755,"Homonymy","HomonymyVideo2",3,"A","ASD_35","exp"
756,"Polysemy","PolysemyVideo2",0,"A","ASD_35","exp"
757,"Homonymy","HomonymyVideo4",1,"A","ASD_35","exp"
758,"Polysemy","PolysemyVideo4",2,"A","ASD_35","exp"
759,"Homonymy","HomonymyVideo3",1,"A","ASD_35","exp"
760,"Polysemy","PolysemyVideo3",1,"A","ASD_35","exp"
761,"Polysemy","PolysemyVideo2",1,"A","ASD_36","exp"
762,"Homonymy","HomonymyVideo1",2,"A","ASD_36","exp"
763,"Polysemy","PolysemyVideo1",1,"A","ASD_36","exp"
764,"Homonymy","HomonymyVideo2",0,"A","ASD_36","exp"
765,"Polysemy","PolysemyVideo3",1,"A","ASD_36","exp"
766,"Homonymy","HomonymyVideo4",2,"A","ASD_36","exp"
767,"Polysemy","PolysemyVideo4",3,"A","ASD_36","exp"
768,"Homonymy","HomonymyVideo3",2,"A","ASD_36","exp"
769,"Polysemy","PolysemyVideo1",2,"A","ASD_37","exp"
770,"Homonymy","HomonymyVideo1",0,"A","ASD_37","exp"
771,"Polysemy","PolysemyVideo2",2,"A","ASD_37","exp"
772,"Homonymy","HomonymyVideo2",2,"A","ASD_37","exp"
773,"Polysemy","PolysemyVideo4",2,"A","ASD_37","exp"
774,"Homonymy","HomonymyVideo4",2,"A","ASD_37","exp"
775,"Polysemy","PolysemyVideo3",1,"A","ASD_37","exp"
776,"Homonymy","HomonymyVideo3",1,"A","ASD_37","exp"
777,"Polysemy","PolysemyVideo2",1,"A","ASD_38","exp"
778,"Homonymy","HomonymyVideo2",1,"A","ASD_38","exp"
779,"Polysemy","PolysemyVideo1",1,"A","ASD_38","exp"
780,"Homonymy","HomonymyVideo1",2,"A","ASD_38","exp"
781,"Polysemy","PolysemyVideo3",1,"A","ASD_38","exp"
782,"Homonymy","HomonymyVideo3",0,"A","ASD_38","exp"
783,"Polysemy","PolysemyVideo4",2,"A","ASD_38","exp"
784,"Homonymy","HomonymyVideo4",2,"A","ASD_38","exp"
785,"Polysemy","PolysemyVideo1",2,"A","ASD_39","exp"
786,"Homonymy","HomonymyVideo1",2,"A","ASD_39","exp"
787,"Polysemy","PolysemyVideo2",3,"A","ASD_39","exp"
788,"Homonymy","HomonymyVideo2",1,"A","ASD_39","exp"
789,"Polysemy","PolysemyVideo4",2,"A","ASD_39","exp"
790,"Homonymy","HomonymyVideo4",0,"A","ASD_39","exp"
791,"Polysemy","PolysemyVideo3",2,"A","ASD_39","exp"
792,"Homonymy","HomonymyVideo3",1,"A","ASD_39","exp"
793,"Homonymy","HomonymyVideo2",2,"A","ASD_40","exp"
794,"Polysemy","PolysemyVideo1",2,"A","ASD_40","exp"
795,"Homonymy","HomonymyVideo1",2,"A","ASD_40","exp"
796,"Polysemy","PolysemyVideo2",3,"A","ASD_40","exp"
797,"Homonymy","HomonymyVideo3",2,"A","ASD_40","exp"
798,"Polysemy","PolysemyVideo4",2,"A","ASD_40","exp"
799,"Homonymy","HomonymyVideo4",1,"A","ASD_40","exp"
800,"Polysemy","PolysemyVideo3",2,"A","ASD_40","exp"
1,"Homonymy","HomonymyVideo1",2,"A","ASD_13",NA
2,"Homonymy","HomonymyVideo2",2,"A","ASD_13",NA
3,"Homonymy","HomonymyVideo3",3,"A","ASD_13",NA
4,"Homonymy","HomonymyVideo4",0,"A","ASD_13",NA
5,"Polysemy","PolysemyVideo1",1,"A","ASD_13",NA
6,"Polysemy","PolysemyVideo2",1,"A","ASD_13",NA
7,"Polysemy","PolysemyVideo3",1,"A","ASD_13",NA
8,"Polysemy","PolysemyVideo4",2,"A","ASD_13",NA
9,"Homonymy","HomonymyVideo1",3,"A","ASD_14",NA
10,"Homonymy","HomonymyVideo2",2,"A","ASD_14",NA
11,"Homonymy","HomonymyVideo3",1,"A","ASD_14",NA
12,"Homonymy","HomonymyVideo4",2,"A","ASD_14",NA
13,"Polysemy","PolysemyVideo1",1,"A","ASD_14",NA
14,"Polysemy","PolysemyVideo2",2,"A","ASD_14",NA
15,"Polysemy","PolysemyVideo3",2,"A","ASD_14",NA
16,"Polysemy","PolysemyVideo4",2,"A","ASD_14",NA
17,"Homonymy","HomonymyVideo1",2,"A","ASD_15",NA
18,"Polysemy","PolysemyVideo2",1,"A","ASD_15",NA
19,"Homonymy","HomonymyVideo2",1,"A","ASD_15",NA
20,"Polysemy","PolysemyVideo1",2,"A","ASD_15",NA
21,"Homonymy","HomonymyVideo4",1,"A","ASD_15",NA
22,"Polysemy","PolysemyVideo3",2,"A","ASD_15",NA
23,"Homonymy","HomonymyVideo3",0,"A","ASD_15",NA
24,"Polysemy","PolysemyVideo4",1,"A","ASD_15",NA
25,"Homonymy","HomonymyVideo1",1,"A","ASD_16",NA
26,"Homonymy","HomonymyVideo2",1,"A","ASD_16",NA
27,"Homonymy","HomonymyVideo3",0,"A","ASD_16",NA
28,"Homonymy","HomonymyVideo4",1,"A","ASD_16",NA
29,"Polysemy","PolysemyVideo1",1,"A","ASD_16",NA
30,"Polysemy","PolysemyVideo2",1,"A","ASD_16",NA
31,"Polysemy","PolysemyVideo3",1,"A","ASD_16",NA
32,"Polysemy","PolysemyVideo4",1,"A","ASD_16",NA
33,"Homonymy","HomonymyVideo1",1,"A","ASD_17",NA
34,"Homonymy","HomonymyVideo2",1,"A","ASD_17",NA
35,"Homonymy","HomonymyVideo3",1,"A","ASD_17",NA
36,"Homonymy","HomonymyVideo4",2,"A","ASD_17",NA
37,"Polysemy","PolysemyVideo1",0,"A","ASD_17",NA
38,"Polysemy","PolysemyVideo2",1,"A","ASD_17",NA
39,"Polysemy","PolysemyVideo3",2,"A","ASD_17",NA
40,"Polysemy","PolysemyVideo4",2,"A","ASD_17",NA
41,"Homonymy","HomonymyVideo1",0,"A","ASD_18",NA
42,"Homonymy","HomonymyVideo2",2,"A","ASD_18",NA
43,"Homonymy","HomonymyVideo3",1,"A","ASD_18",NA
44,"Homonymy","HomonymyVideo4",2,"A","ASD_18",NA
45,"Polysemy","PolysemyVideo1",2,"A","ASD_18",NA
46,"Polysemy","PolysemyVideo2",2,"A","ASD_18",NA
47,"Polysemy","PolysemyVideo3",1,"A","ASD_18",NA
48,"Polysemy","PolysemyVideo4",1,"A","ASD_18",NA
49,"Homonymy","HomonymyVideo1",1,"A","ASD_19",NA
50,"Homonymy","HomonymyVideo2",1,"A","ASD_19",NA
51,"Homonymy","HomonymyVideo3",1,"A","ASD_19",NA
52,"Homonymy","HomonymyVideo4",1,"A","ASD_19",NA
53,"Polysemy","PolysemyVideo1",1,"A","ASD_19",NA
54,"Polysemy","PolysemyVideo2",2,"A","ASD_19",NA
55,"Polysemy","PolysemyVideo3",1,"A","ASD_19",NA
56,"Polysemy","PolysemyVideo4",0,"A","ASD_19",NA
57,"Homonymy","HomonymyVideo1",2,"A","ASD_21",NA
58,"Homonymy","HomonymyVideo2",1,"A","ASD_21",NA
59,"Homonymy","HomonymyVideo3",1,"A","ASD_21",NA
60,"Homonymy","HomonymyVideo4",1,"A","ASD_21",NA
61,"Polysemy","PolysemyVideo1",2,"A","ASD_21",NA
62,"Polysemy","PolysemyVideo2",2,"A","ASD_21",NA
63,"Polysemy","PolysemyVideo3",1,"A","ASD_21",NA
64,"Polysemy","PolysemyVideo4",2,"A","ASD_21",NA
65,"Polysemy","PolysemyVideo1",2,"A","ASD_22",NA
66,"Homonymy","HomonymyVideo1",1,"A","ASD_22",NA
67,"Polysemy","PolysemyVideo2",2,"A","ASD_22",NA
68,"Homonymy","HomonymyVideo2",2,"A","ASD_22",NA
69,"Polysemy","PolysemyVideo4",3,"A","ASD_22",NA
70,"Homonymy","HomonymyVideo4",0,"A","ASD_22",NA
71,"Polysemy","PolysemyVideo3",1,"A","ASD_22",NA
72,"Homonymy","HomonymyVideo3",1,"A","ASD_22",NA
73,"Polysemy","PolysemyVideo1",1,"A","ASD_23",NA
74,"Homonymy","HomonymyVideo1",3,"A","ASD_23",NA
75,"Polysemy","PolysemyVideo2",2,"A","ASD_23",NA
76,"Homonymy","HomonymyVideo2",0,"A","ASD_23",NA
77,"Polysemy","PolysemyVideo4",2,"A","ASD_23",NA
78,"Homonymy","HomonymyVideo4",1,"A","ASD_23",NA
79,"Polysemy","PolysemyVideo3",0,"A","ASD_23",NA
80,"Homonymy","HomonymyVideo3",3,"A","ASD_23",NA
81,"Polysemy","PolysemyVideo2",2,"A","ASD_24",NA
82,"Homonymy","HomonymyVideo1",2,"A","ASD_24",NA
83,"Polysemy","PolysemyVideo1",1,"A","ASD_24",NA
84,"Homonymy","HomonymyVideo2",2,"A","ASD_24",NA
85,"Polysemy","PolysemyVideo3",2,"A","ASD_24",NA
86,"Homonymy","HomonymyVideo4",1,"A","ASD_24",NA
87,"Polysemy","PolysemyVideo4",2,"A","ASD_24",NA
88,"Homonymy","HomonymyVideo3",1,"A","ASD_24",NA
89,"Homonymy","HomonymyVideo1",1,"A","ASD_25",NA
90,"Homonymy","HomonymyVideo2",1,"A","ASD_25",NA
91,"Homonymy","HomonymyVideo3",1,"A","ASD_25",NA
92,"Homonymy","HomonymyVideo4",0,"A","ASD_25",NA
93,"Polysemy","PolysemyVideo1",1,"A","ASD_25",NA
94,"Polysemy","PolysemyVideo2",2,"A","ASD_25",NA
95,"Polysemy","PolysemyVideo3",0,"A","ASD_25",NA
96,"Polysemy","PolysemyVideo4",2,"A","ASD_25",NA
97,"Homonymy","HomonymyVideo1",1,"A","ASD_28",NA
98,"Homonymy","HomonymyVideo2",1,"A","ASD_28",NA
99,"Homonymy","HomonymyVideo3",1,"A","ASD_28",NA
100,"Homonymy","HomonymyVideo4",1,"A","ASD_28",NA
101,"Polysemy","PolysemyVideo1",1,"A","ASD_28",NA
102,"Polysemy","PolysemyVideo2",2,"A","ASD_28",NA
103,"Polysemy","PolysemyVideo3",1,"A","ASD_28",NA
104,"Polysemy","PolysemyVideo4",2,"A","ASD_28",NA
105,"Homonymy","HomonymyVideo1",1,"A","ASD_29",NA
106,"Homonymy","HomonymyVideo2",2,"A","ASD_29",NA
107,"Homonymy","HomonymyVideo3",1,"A","ASD_29",NA
108,"Homonymy","HomonymyVideo4",1,"A","ASD_29",NA
109,"Polysemy","PolysemyVideo1",1,"A","ASD_29",NA
110,"Polysemy","PolysemyVideo2",2,"A","ASD_29",NA
111,"Polysemy","PolysemyVideo3",1,"A","ASD_29",NA
112,"Polysemy","PolysemyVideo4",1,"A","ASD_29",NA
113,"Homonymy","HomonymyVideo1",1,"A","ASD_30",NA
114,"Homonymy","HomonymyVideo2",1,"A","ASD_30",NA
115,"Homonymy","HomonymyVideo3",1,"A","ASD_30",NA
116,"Homonymy","HomonymyVideo4",0,"A","ASD_30",NA
117,"Polysemy","PolysemyVideo1",1,"A","ASD_30",NA
118,"Polysemy","PolysemyVideo2",1,"A","ASD_30",NA
119,"Polysemy","PolysemyVideo3",1,"A","ASD_30",NA
120,"Polysemy","PolysemyVideo4",2,"A","ASD_30",NA
121,"Polysemy","PolysemyVideo1",0,"A","ASD_34",NA
122,"Homonymy","HomonymyVideo1",1,"A","ASD_34",NA
123,"Polysemy","PolysemyVideo2",2,"A","ASD_34",NA
124,"Homonymy","HomonymyVideo2",3,"A","ASD_34",NA
125,"Polysemy","PolysemyVideo4",0,"A","ASD_34",NA
126,"Homonymy","HomonymyVideo4",1,"A","ASD_34",NA
127,"Polysemy","PolysemyVideo3",2,"A","ASD_34",NA
128,"Homonymy","HomonymyVideo3",2,"A","ASD_34",NA
129,"Homonymy","HomonymyVideo2",2,"A","ASD_35",NA
130,"Polysemy","PolysemyVideo2",1,"A","ASD_35",NA
131,"Homonymy","HomonymyVideo1",0,"A","ASD_35",NA
132,"Polysemy","PolysemyVideo1",2,"A","ASD_35",NA
133,"Homonymy","HomonymyVideo3",2,"A","ASD_35",NA
134,"Polysemy","PolysemyVideo3",1,"A","ASD_35",NA
135,"Homonymy","HomonymyVideo4",1,"A","ASD_35",NA
136,"Polysemy","PolysemyVideo4",1,"A","ASD_35",NA
137,"Polysemy","PolysemyVideo1",1,"A","ASD_36",NA
138,"Homonymy","HomonymyVideo1",2,"A","ASD_36",NA
139,"Polysemy","PolysemyVideo2",1,"A","ASD_36",NA
140,"Homonymy","HomonymyVideo2",0,"A","ASD_36",NA
141,"Polysemy","PolysemyVideo4",3,"A","ASD_36",NA
142,"Homonymy","HomonymyVideo4",1,"A","ASD_36",NA
143,"Polysemy","PolysemyVideo3",1,"A","ASD_36",NA
144,"Homonymy","HomonymyVideo3",2,"A","ASD_36",NA
145,"Polysemy","PolysemyVideo1",1,"A","ASD_38",NA
146,"Homonymy","HomonymyVideo2",1,"A","ASD_38",NA
147,"Polysemy","PolysemyVideo2",1,"A","ASD_38",NA
148,"Homonymy","HomonymyVideo1",2,"A","ASD_38",NA
149,"Polysemy","PolysemyVideo4",2,"A","ASD_38",NA
150,"Homonymy","HomonymyVideo3",0,"A","ASD_38",NA
151,"Polysemy","PolysemyVideo3",1,"A","ASD_38",NA
152,"Homonymy","HomonymyVideo4",0,"A","ASD_38",NA
153,"Polysemy","PolysemyVideo2",3,"A","ASD_39",NA
154,"Homonymy","HomonymyVideo1",2,"A","ASD_39",NA
155,"Polysemy","PolysemyVideo1",2,"A","ASD_39",NA
156,"Homonymy","HomonymyVideo2",2,"A","ASD_39",NA
157,"Polysemy","PolysemyVideo3",2,"A","ASD_39",NA
158,"Homonymy","HomonymyVideo4",1,"A","ASD_39",NA
159,"Polysemy","PolysemyVideo4",1,"A","ASD_39",NA
160,"Homonymy","HomonymyVideo3",2,"A","ASD_39",NA
161,"Homonymy","HomonymyVideo1",1,"C","NT_09",NA
162,"Polysemy","PolysemyVideo1",3,"C","NT_09",NA
163,"Homonymy","HomonymyVideo4",1,"C","NT_09",NA
164,"Polysemy","PolysemyVideo4",3,"C","NT_09",NA
165,"Homonymy","HomonymyVideo1",2,"C","NT_09",NA
166,"Polysemy","PolysemyVideo1",3,"C","NT_09",NA
167,"Homonymy","HomonymyVideo4",1,"C","NT_09",NA
168,"Polysemy","PolysemyVideo4",3,"C","NT_09",NA
169,"Homonymy","HomonymyVideo1",2,"C","NT_60",NA
170,"Polysemy","PolysemyVideo2",2,"C","NT_60",NA
171,"Homonymy","HomonymyVideo4",0,"C","NT_60",NA
172,"Polysemy","PolysemyVideo3",1,"C","NT_60",NA
173,"Homonymy","HomonymyVideo1",1,"C","NT_60",NA
174,"Polysemy","PolysemyVideo2",0,"C","NT_60",NA
175,"Homonymy","HomonymyVideo4",1,"C","NT_60",NA
176,"Polysemy","PolysemyVideo3",2,"C","NT_60",NA
177,"Polysemy","PolysemyVideo2",1,"C","NT_23",NA
178,"Homonymy","HomonymyVideo2",1,"C","NT_23",NA
179,"Polysemy","PolysemyVideo3",2,"C","NT_23",NA
180,"Homonymy","HomonymyVideo3",2,"C","NT_23",NA
181,"Polysemy","PolysemyVideo2",2,"C","NT_23",NA
182,"Homonymy","HomonymyVideo2",1,"C","NT_23",NA
183,"Polysemy","PolysemyVideo3",1,"C","NT_23",NA
184,"Homonymy","HomonymyVideo3",0,"C","NT_23",NA
185,"Homonymy","HomonymyVideo1",1,"C","NT_27",NA
186,"Polysemy","PolysemyVideo1",2,"C","NT_27",NA
187,"Homonymy","HomonymyVideo4",1,"C","NT_27",NA
188,"Polysemy","PolysemyVideo4",3,"C","NT_27",NA
189,"Homonymy","HomonymyVideo1",1,"C","NT_27",NA
190,"Polysemy","PolysemyVideo1",2,"C","NT_27",NA
191,"Homonymy","HomonymyVideo4",2,"C","NT_27",NA
192,"Polysemy","PolysemyVideo4",2,"C","NT_27",NA
193,"Homonymy","HomonymyVideo1",1,"C","NT_29",NA
194,"Polysemy","PolysemyVideo1",3,"C","NT_29",NA
195,"Homonymy","HomonymyVideo4",3,"C","NT_29",NA
196,"Polysemy","PolysemyVideo4",2,"C","NT_29",NA
197,"Homonymy","HomonymyVideo1",3,"C","NT_29",NA
198,"Polysemy","PolysemyVideo1",2,"C","NT_29",NA
199,"Homonymy","HomonymyVideo4",3,"C","NT_29",NA
200,"Polysemy","PolysemyVideo4",1,"C","NT_29",NA
201,"Homonymy","HomonymyVideo1",1,"C","NT_31",NA
202,"Polysemy","PolysemyVideo2",1,"C","NT_31",NA
203,"Homonymy","HomonymyVideo4",1,"C","NT_31",NA
204,"Polysemy","PolysemyVideo3",2,"C","NT_31",NA
205,"Homonymy","HomonymyVideo1",0,"C","NT_31",NA
206,"Polysemy","PolysemyVideo2",1,"C","NT_31",NA
207,"Homonymy","HomonymyVideo4",1,"C","NT_31",NA
208,"Polysemy","PolysemyVideo3",2,"C","NT_31",NA
209,"Polysemy","PolysemyVideo1",1,"C","NT_32",NA
210,"Homonymy","HomonymyVideo1",1,"C","NT_32",NA
211,"Polysemy","PolysemyVideo4",2,"C","NT_32",NA
212,"Homonymy","HomonymyVideo4",1,"C","NT_32",NA
213,"Polysemy","PolysemyVideo1",3,"C","NT_32",NA
214,"Homonymy","HomonymyVideo1",1,"C","NT_32",NA
215,"Polysemy","PolysemyVideo4",1,"C","NT_32",NA
216,"Homonymy","HomonymyVideo4",1,"C","NT_32",NA
217,"Homonymy","HomonymyVideo2",0,"C","NT_33",NA
218,"Polysemy","PolysemyVideo1",2,"C","NT_33",NA
219,"Homonymy","HomonymyVideo3",1,"C","NT_33",NA
220,"Polysemy","PolysemyVideo4",0,"C","NT_33",NA
221,"Homonymy","HomonymyVideo2",1,"C","NT_33",NA
222,"Polysemy","PolysemyVideo1",1,"C","NT_33",NA
223,"Homonymy","HomonymyVideo3",0,"C","NT_33",NA
224,"Polysemy","PolysemyVideo4",1,"C","NT_33",NA
225,"Homonymy","HomonymyVideo2",2,"C","NT_34",NA
226,"Polysemy","PolysemyVideo2",2,"C","NT_34",NA
227,"Homonymy","HomonymyVideo3",2,"C","NT_34",NA
228,"Polysemy","PolysemyVideo3",2,"C","NT_34",NA
229,"Homonymy","HomonymyVideo2",2,"C","NT_34",NA
230,"Polysemy","PolysemyVideo2",1,"C","NT_34",NA
231,"Homonymy","HomonymyVideo3",2,"C","NT_34",NA
232,"Polysemy","PolysemyVideo3",2,"C","NT_34",NA
233,"Polysemy","PolysemyVideo2",3,"C","NT_35",NA
234,"Homonymy","HomonymyVideo1",1,"C","NT_35",NA
235,"Polysemy","PolysemyVideo3",3,"C","NT_35",NA
236,"Homonymy","HomonymyVideo4",2,"C","NT_35",NA
237,"Polysemy","PolysemyVideo2",2,"C","NT_35",NA
238,"Homonymy","HomonymyVideo1",1,"C","NT_35",NA
239,"Polysemy","PolysemyVideo3",1,"C","NT_35",NA
240,"Homonymy","HomonymyVideo4",2,"C","NT_35",NA
241,"Homonymy","HomonymyVideo2",1,"C","NT_39",NA
242,"Polysemy","PolysemyVideo1",1,"C","NT_39",NA
243,"Homonymy","HomonymyVideo3",1,"C","NT_39",NA
244,"Polysemy","PolysemyVideo4",2,"C","NT_39",NA
245,"Homonymy","HomonymyVideo2",1,"C","NT_39",NA
246,"Polysemy","PolysemyVideo1",1,"C","NT_39",NA
247,"Homonymy","HomonymyVideo3",2,"C","NT_39",NA
248,"Polysemy","PolysemyVideo4",0,"C","NT_39",NA
249,"Polysemy","PolysemyVideo2",3,"C","NT_40",NA
250,"Homonymy","HomonymyVideo1",1,"C","NT_40",NA
251,"Polysemy","PolysemyVideo3",3,"C","NT_40",NA
252,"Homonymy","HomonymyVideo4",2,"C","NT_40",NA
253,"Polysemy","PolysemyVideo2",2,"C","NT_40",NA
254,"Homonymy","HomonymyVideo1",0,"C","NT_40",NA
255,"Polysemy","PolysemyVideo3",1,"C","NT_40",NA
256,"Homonymy","HomonymyVideo4",2,"C","NT_40",NA
257,"Homonymy","HomonymyVideo2",1,"C","NT_41",NA
258,"Polysemy","PolysemyVideo2",3,"C","NT_41",NA
259,"Homonymy","HomonymyVideo3",1,"C","NT_41",NA
260,"Polysemy","PolysemyVideo3",2,"C","NT_41",NA
261,"Homonymy","HomonymyVideo2",2,"C","NT_41",NA
262,"Polysemy","PolysemyVideo2",3,"C","NT_41",NA
263,"Homonymy","HomonymyVideo3",0,"C","NT_41",NA
264,"Polysemy","PolysemyVideo3",2,"C","NT_41",NA
265,"Homonymy","HomonymyVideo2",2,"C","NT_47",NA
266,"Polysemy","PolysemyVideo2",3,"C","NT_47",NA
267,"Homonymy","HomonymyVideo3",2,"C","NT_47",NA
268,"Polysemy","PolysemyVideo3",2,"C","NT_47",NA
269,"Homonymy","HomonymyVideo2",2,"C","NT_47",NA
270,"Polysemy","PolysemyVideo2",2,"C","NT_47",NA
271,"Homonymy","HomonymyVideo3",1,"C","NT_47",NA
272,"Polysemy","PolysemyVideo3",2,"C","NT_47",NA
273,"Polysemy","PolysemyVideo1",2,"C","NT_48",NA
274,"Homonymy","HomonymyVideo1",2,"C","NT_48",NA
275,"Polysemy","PolysemyVideo4",3,"C","NT_48",NA
276,"Homonymy","HomonymyVideo4",1,"C","NT_48",NA
277,"Polysemy","PolysemyVideo1",2,"C","NT_48",NA
278,"Homonymy","HomonymyVideo1",2,"C","NT_48",NA
279,"Polysemy","PolysemyVideo4",0,"C","NT_48",NA
280,"Homonymy","HomonymyVideo4",2,"C","NT_48",NA
281,"Polysemy","PolysemyVideo2",3,"C","NT_50",NA
282,"Homonymy","HomonymyVideo2",0,"C","NT_50",NA
283,"Polysemy","PolysemyVideo3",3,"C","NT_50",NA
284,"Homonymy","HomonymyVideo3",1,"C","NT_50",NA
285,"Polysemy","PolysemyVideo2",2,"C","NT_50",NA
286,"Homonymy","HomonymyVideo2",1,"C","NT_50",NA
287,"Polysemy","PolysemyVideo3",2,"C","NT_50",NA
288,"Homonymy","HomonymyVideo3",1,"C","NT_50",NA
289,"Homonymy","HomonymyVideo2",2,"C","NT_51",NA
290,"Polysemy","PolysemyVideo2",3,"C","NT_51",NA
291,"Homonymy","HomonymyVideo3",2,"C","NT_51",NA
292,"Polysemy","PolysemyVideo3",1,"C","NT_51",NA
293,"Homonymy","HomonymyVideo2",2,"C","NT_51",NA
294,"Polysemy","PolysemyVideo2",0,"C","NT_51",NA
295,"Homonymy","HomonymyVideo3",3,"C","NT_51",NA
296,"Polysemy","PolysemyVideo3",2,"C","NT_51",NA
297,"Polysemy","PolysemyVideo2",3,"C","NT_58",NA
298,"Homonymy","HomonymyVideo2",1,"C","NT_58",NA
299,"Polysemy","PolysemyVideo3",1,"C","NT_58",NA
300,"Homonymy","HomonymyVideo3",2,"C","NT_58",NA
301,"Polysemy","PolysemyVideo2",2,"C","NT_58",NA
302,"Homonymy","HomonymyVideo2",0,"C","NT_58",NA
303,"Polysemy","PolysemyVideo3",2,"C","NT_58",NA
304,"Homonymy","HomonymyVideo3",2,"C","NT_58",NA
305,"Homonymy","HomonymyVideo1",1,"C","NT_59",NA
306,"Polysemy","PolysemyVideo1",1,"C","NT_59",NA
307,"Homonymy","HomonymyVideo4",1,"C","NT_59",NA
308,"Polysemy","PolysemyVideo4",0,"C","NT_59",NA
309,"Homonymy","HomonymyVideo1",1,"C","NT_59",NA
310,"Polysemy","PolysemyVideo2",2,"C","NT_59",NA
311,"Homonymy","HomonymyVideo4",1,"C","NT_59",NA
312,"Polysemy","PolysemyVideo4",1,"C","NT_59",NA
